{"luminosity": 64.60695436328545, "luminosity_err": 3.230347718164273}